,role,company_name,work_experience,location,skills,post_date
0,DATA ANALYST,Competitive Crackers,0-3 Yrs,Kakinada,"['metadata', 'python', 'data analysis', 'data management', 'data analytics', 'data validation', 'configuration', 'data mining']",Few Hours Ago
1,Data Analyst,Business Toys,0-1 Yrs,"Hyderabad, Chennai, Bengaluru","['python', 'data analysis', 'sas', 'power bi', 'business analytics', 'business acumen', 'machine learning', 'business intelligence']",1 Day Ago
2,Data Analyst(0 Experience Required),Peroptyx,0-5 Yrs,Remote,"['Data Analysis', 'Data Analytics', 'Data Mapping', 'Analysis', 'Analytics', 'Mapping', 'Data']",3 Days Ago
3,Data Analyst,Business Toys,0-5 Yrs,"Hyderabad, Pune, Bengaluru","['Data Analyst', 'Data analysis', 'Data']",4 Days Ago
4,Data Analyst,Business Toys,0-2 Yrs,"Mumbai, Navi Mumbai","['Data Analyst', 'Data', 'Data analysis']",4 Days Ago
5,Data Analyst,Business Toys,0-5 Yrs,New Delhi,"['Data Analyst', 'Data', 'Data analysis']",4 Days Ago
6,Data Analyst,Business Toys,0-5 Yrs,Pune,"['Data Analyst', 'Data', 'Data analysis']",4 Days Ago
7,Data Analyst,Business Toys,0-1 Yrs,Chennai,"['Data Analyst', 'Data analysis', 'Data']",4 Days Ago
8,Data Analyst,Business Toys,0-5 Yrs,"Mumbai, Mumbai Suburban","['Data Analyst', 'Data analysis', 'Data']",4 Days Ago
9,Data Analyst,Business Toys,0-2 Yrs,Navi Mumbai,"['Data Analyst', 'Data analysis', 'Data']",4 Days Ago
10,Data Analyst,Business Toys,0-1 Yrs,New Delhi,"['Data Analyst', 'Data', 'Data analysis']",4 Days Ago
11,Apprentice-Data Analyst,Business Toys,0-1 Yrs,Gurugram,"['Data Analyst', 'Data', 'Data analysis']",4 Days Ago
12,Data Analyst,Outscal Technologies,0-3 Yrs,Remote,"['Data Visualization', 'Tableau', 'Python', 'SQL', 'Data Science', 'Data Analysis', 'Science', 'Analysis']",2 Days Ago
13,ESG Data Analyst  - ESG Newsroom,Institutional Shareholder Services,0-3 Yrs,Mumbai,"['Analyst', 'Environmental science', 'Corporate governance', 'Business analytics', 'Diversity and Inclusion', 'Finance', 'ISS', 'Data Analyst']",7 Days Ago
14,UnitedLex is hiring For Analyst - Data Intake role (24*7 Rotational),Unitedlex,0-4 Yrs,Gurugram,"['Data Review', 'Data Manipulation', 'Data Management', 'Data Analysis', 'Data Cleansing', 'Data Extraction', 'Data Visualization', 'Data Crunching']",7 Days Ago
15,Data Analyst (Excel),Rocket Careers,0-5 Yrs,Remote,"['eager to learn', 'bachelors', 'adaptable', 'Excel', 'Data', 'Data analysis', 'Adaptability']",13 Days Ago
16,HCLTech is Hiring For Data Analyst || Fresher,HCLTech,,,"['Good Comm Skills', 'Fresher', 'Comm Skills', 'Data', 'Comm', 'Hiring']",4 Days Ago
17,Data Analyst,Sociomix,0-5 Yrs,New Delhi,"['Data analysis', 'Statistical analysis', 'Excel', 'Data Analyst', 'data visualization', 'SQL', 'Data', 'Statistics']",14 Days Ago
18,Data Analyst,Magic Infomedia,0-2 Yrs,New Delhi,"['master data', 'metadata', 'python', 'data analysis', 'data management', 'data analytics', 'data validation', 'configuration']",28 Days Ago
19,Data Analyst,Milestone Online Technology,0-1 Yrs,"Hybrid - Kolkata, Pune, Delhi / NCR","['Finance', 'Reporting', 'MIS Reporting', 'Excel Report Preparation', 'Business Analysis', 'Pivot Table', 'Excel', 'Analysis']",4 Days Ago
20,Data Analyst,Siemens,0-6 Yrs,Bengaluru,"['Data analysis', 'Manager Quality Assurance', 'Data modeling', 'Analytical', 'Trend analysis', 'power bi', 'Data quality', 'Forecasting']",30+ Days Ago
21,Data Analyst,Milestone Online Technology,0-1 Yrs,"Hybrid - Hyderabad, Chennai, Bengaluru","['Finance', 'Reporting', 'MIS Reporting', 'Excel Report Preparation', 'Business Analysis', 'Pivot Table', 'Excel', 'Analysis']",8 Days Ago
22,Data Analyst (Excel),Rocket Careers,0-5 Yrs,Remote,"['eager to learn', 'Data analysis', 'Data', 'Excel']",13 Days Ago
23,Data Analyst,Bottle Lab Technologies,0-1 Yrs,Bengaluru,"['Computer science', 'Data analysis', 'Data management', 'Trend analysis', 'Market research', 'Data quality', 'Data mining', 'Forecasting']",17 Days Ago
24,Data Analyst,Augie,0-3 Yrs,Bengaluru,"['Market analysis', 'Usage', 'Excel', 'Data collection', 'Database', 'Data Analyst', 'data visualization', 'Troubleshooting']",30+ Days Ago
25,Data Analyst,St. Johnâ€™s Research Institute,0-4 Yrs,Bengaluru,"['Nutrition', 'Coding', 'CRC', 'Data Analyst', 'Research', 'Bioinformatics', 'Python', 'Data analysis']",30+ Days Ago
26,Data Analyst,Digital Glyde,0-3 Yrs,"Kolkata, Mumbai, New Delhi, Hyderabad, Pune, Chennai, Bengaluru","['Data analysis', 'Excel', 'Statistical analysis', 'Analytical', 'power bi', 'data integrity', 'Data Analyst', 'data visualization']",21 Days Ago
27,Data Analyst,Bombay Play,0-3 Yrs,Bengaluru,"['C++', 'Analytical', 'Machine learning', 'Javascript', 'Data Analyst', 'Open source', 'Statistics', 'Analytics']",30+ Days Ago
28,Data Analyst,MM STAFFING CAREER CONSULTANTS PRIVATE LIMITED,0-8 Yrs,Bengaluru,"['Microstrategy', 'Data analysis', 'SAS', 'Analytical', 'Data Analyst', 'Business intelligence', 'Analytics', 'Reporting tools']",30+ Days Ago
29,"Analyst, Data Informatics 3",Kla Tencor,0-5 Yrs,Chennai,"['Automation', 'Javascript', 'Agile', 'Packaging', 'HTML', 'Customer service', 'Apache', 'Ruby']",8 Days Ago
30,Data Analyst (Female preffered),Sheetal Group,0-2 Yrs,Mumbai,"['Data Analytics', 'Data Science', 'Predictive Modeling', 'Data Analysis', 'Statistical Modeling', 'Data Visualization', 'Data Cleansing', 'Data Extraction']",29 Days Ago
31,DATA ANALYST,VR Careerz,0-1 Yrs,Chennai,"['Data analysis', 'SAS', 'Coding', 'Process improvement', 'XML', 'Analytical', 'Javascript', 'Data collection']",30+ Days Ago
32,Data Analyst,CRE Matrix,0-4 Yrs,Mumbai,"['Matrix', 'Excel', 'CRE', 'Machine learning', 'Banking', 'Leasing', 'Data Analyst', 'Taxation']",30+ Days Ago
33,Data Analyst,Kaleeswari Refinery P Ltd,0-3 Yrs,"Madurai, Tiruppur, Salem, Chennai, Tiruchirapalli, Coimbatore","['Data Analyst', 'Data', 'Data analysis']",30+ Days Ago
34,Data Analyst,Improx Data And Cloud Consulting,0-2 Yrs,Pune,"['Operations Analyst', 'Data management', 'Coding', 'Data collection', 'Test cases', 'Continuous improvement', 'Information technology', 'SQL']",30+ Days Ago
35,Data Analyst,Teplar Solutions,0-4 Yrs,Coimbatore,"['Analytical', 'Litigation', 'Workflow', 'Customer support', 'Business Development Executive', 'Client interaction', 'Data Analyst', 'MS Office']",30+ Days Ago
36,Data Analysts / HTML Editor,I-tech Infonet,0-2 Yrs,Rajkot,"['Training', 'Adobe Acrobat', 'PDF', 'XML', 'Epub', 'HTML', 'Editor', 'Testing']",30+ Days Ago
37,Data Analyst,Nxtwave Disruptive Technologies,0-2 Yrs,Hyderabad,"['data analyst', 'sql', 'python', 'power bi', 'Bi', 'Data analysis', 'Data']",21 Days Ago
38,Data Analyst,Ipro India,0-4 Yrs,Chandigarh,"['SQL database', 'Database management', 'Debugging', 'query', 'Programming', 'power bi', 'Data Analyst', 'Data warehousing']",30+ Days Ago
39,Data Analyst,P S International HR Consultants,0-4 Yrs,Mumbai,"['Automation', 'Networking', 'Configuration management', 'Agile', 'Workflow', 'Visual Studio', 'SSIS', 'microsoft']",30+ Days Ago
40,Data Analyst,Sea And Beyond,0-2 Yrs,Mumbai,"['data cleansing', 'Report generation', 'metadata', 'Manager Quality Assurance', 'data integrity', 'Data Analyst', 'Management', 'Troubleshooting']",30+ Days Ago
41,Data Analyst,Pharmahopers,0-1 Yrs,Chennai,"['Data Analyst', 'Data entry', 'Data analysis', 'Data']",30+ Days Ago
42,Data Analysts / HTML Editor,Ace Software Exports,0-4 Yrs,Rajkot,"['Training', 'Adobe Acrobat', 'XML', 'Epub', 'HTML', 'Editor', 'Testing', 'Data analysis']",30+ Days Ago
43,Data Analyst,Rabia Info Solution,0-1 Yrs,Chennai,"['Computer Science', 'Software Engineering', 'Information Technology', 'Technology', 'Computer', 'Data analysis', 'Data', 'Engineering']",28 Days Ago
44,Data Analyst,Primohunt Corporate,0-3 Yrs,Pune,"['Analytical skills', 'Market study', 'Data analysis', 'Google Analytics', 'Coding', 'Database', 'Webtrends', 'Data Analyst']",30+ Days Ago
45,Data Analyst,RIGHT STEP CONSULTING PRIVATE LIMITED,0-5 Yrs,"New Delhi, Gurugram","['Product management', 'ERP', 'Data analysis', 'PHP', 'Data Analyst', 'Open source', 'Data mining', 'SQL']",30+ Days Ago
46,Data Analyst,Recruitrix Technologies LLP,0-2 Yrs,Hyderabad,"['Graphics', 'Excel', 'Data management', 'Data Analyst', 'Statistics', 'Data analysis', 'Management', 'Data']",30+ Days Ago
47,Hiring Data Analyst as fresher,PVR India,0 Yrs,"Tiruchirapalli, Coimbatore","['Data Science', 'Advanced Analytics', 'Machine Learning', 'Data analysis', 'Data', 'Machine', 'Science', 'As']",17 Days Ago
48,Data Analyst,Milestone Online Technology,0-1 Yrs,"Hybrid - Kolkata, Delhi / NCR, Mumbai (All Areas)","['Data Analysis', 'SQL Queries', 'Data Cleansing', 'Reporting', 'Excel Report Preparation', 'Pivot Table', 'Data Science', 'Excel']",23 Days Ago
49,MIS /Ops/Reporting/Business- Data Analyst,Business Toys,0-5 Yrs,"Haveri, Hassan, Dharwad, Sakleshpur, Hubli, Arsikere, Bengaluru","['Business Data Analyst', 'MIS', 'Ops', 'MIS reporting', 'Reporting', 'Data analysis', 'Data', 'Business analysis']",4 Days Ago
50,MIS /Ops/Reporting/Business- Data Analyst,Business Toys,0-5 Yrs,"Srinivaspur, Madikeri, Kolar, Mulbagal, Kodagu, Bengaluru","['Business Data Analyst', 'MIS', 'Ops', 'Reporting', 'MIS reporting', 'Business Data Analysis', 'Data', 'Data analysis']",4 Days Ago
51,MIS /Ops/Reporting/Business- Data Analyst,Business Toys,0-5 Yrs,"Sirsa, Bhatkal, Hyderabad, Dandeli, Jaipur, Bengaluru, Karwar","['Business Data Analyst', 'MIS', 'Ops', 'Business Data Analysis', 'Data analysis', 'Business analysis', 'Data', 'MIS reporting']",4 Days Ago
52,Associate-Data Analyst (Cost Optimisation),Delhivery,0-4 Yrs,"Bangalore Rural, Delhi / NCR","['sql', 'Data Analysis', 'Cost Optimization', 'Variance Analysis', 'Pl Analysis', 'Trend Analysis', 'Profit And Loss Account', 'Analysis']",Today
53,Analyst / Data Analyst/ Business Analyst,Business Toys,0-1 Yrs,Bengaluru,"['Business Analyst', 'Data Analyst', 'Data', 'Data analysis', 'Business analysis', 'Analysis']",4 Days Ago
54,Financial Analyst & Business Analyst Data Analyst,Business Toys,0-1 Yrs,"Pune, Bengaluru","['Business Analyst', 'Financial Analyst', 'Data Analyst', 'Data analysis', 'Financial analysis', 'Data', 'Finance', 'Business analysis']",4 Days Ago
55,MIS /Ops/Reporting/Business- Data Analyst,Business Toys,0-5 Yrs,Davangere,"['Business Data Analyst', 'MIS', 'Ops', 'MIS reporting', 'Reporting', 'Data analysis', 'Data', 'Business analysis']",4 Days Ago
56,MIS /Ops/Reporting/Business- Data Analyst,Business Toys,0-5 Yrs,"Nanjangud, Madurai, Malavalli, Mandya, Raichur, Mysuru, Koppal","['Business Data Analyst', 'MIS', 'Data analysis', 'Data', 'Business Data Analysis', 'MIS reporting', 'Ops', 'Reporting']",4 Days Ago
57,Executive - Data Analyst,Business Toys,0-2 Yrs,Mumbai,"['Senior Executive', 'Data Analyst', 'Data analysis', 'Senior', 'Data']",4 Days Ago
58,Product Management Intern - Data Analysis,Infineon,,Bengaluru,[],Starts in 1-3 months
59,We Are Hiring Full stack Python Developer ( Business & Data Analyst),Coriolis Tech,0-1 Yrs,Pune,"['Angular', 'Typescript', 'MySQL', 'Javascript', 'backbone', 'c++', 'Github', 'python node']",1 Day Ago
60,Data Analysts - 1,Business Toys,0-2 Yrs,Hyderabad,"['Data Analysts - 1', 'Data analysis', 'Analysts', 'Data']",1 Day Ago
61,"Data Analyst II, Data Analytics",Walmart,0-2 Yrs,Bengaluru,"['Cloud computing', 'Data analysis', 'data science', 'Web analytics', 'Enterprise architecture', 'SEZ', 'Open source', 'Monitoring']",30+ Days Ago
62,Analyst / Data Analyst/ Business Analyst,Business Toys,0-1 Yrs,"Mumbai, Pune, Ahmedabad","['Business Analyst', 'Data Analyst', 'Data', 'Data analysis', 'Business analysis', 'Analysis']",4 Days Ago
63,Analyst / Data Analyst/ Business Analyst,Business Toys,0-1 Yrs,"Hyderabad, Chennai, Ahmedabad","['Business Analyst', 'Data Analyst', 'Business analysis', 'Analysis', 'Data', 'Data analysis']",4 Days Ago
64,Analyst / Data Analyst/ Business Analyst,Business Toys,0-1 Yrs,New Delhi,"['Business Analyst', 'Data Analyst', 'Data analysis', 'Analysis', 'Business analysis', 'Data']",4 Days Ago
65,Data Analyst-Intern,Business Toys,0-1 Yrs,Gurugram,"['Intern', 'Data Analyst', 'Data analysis', 'Data']",4 Days Ago
66,Management Trainee - Data Analysis,Business Toys,0-2 Yrs,Chennai,"['Data analysis', 'Management Trainee', 'Data management', 'Analysis', 'Training', 'Training management', 'Management', 'Data']",4 Days Ago
67,Serial Plotter - Technical Data Analyst,Business Toys,0-2 Yrs,Remote,"['Data Analyst', 'Data analysis', 'Technical', 'Technical analysis', 'Data']",4 Days Ago
68,Reference Data Analyst,Randstad,0-3 Yrs,Mumbai (All Areas),"['Communication Skills', 'Reference Data', 'Bloomberg', 'Data', 'Data analysis']",18 Days Ago
69,ASSISTANT DATA ANALYST,Aditya Pharmacy,0-2 Yrs,Hyderabad,"['Data Analyst', 'Data', 'Data analysis', 'Assistance']",30+ Days Ago
70,"Data Analyst, Credit Ratings",Morningstar,0-2 Yrs,Mumbai,"['Administration', 'Interpersonal skills', 'Finance', 'Structured finance', 'Data Analyst', 'Customer service', 'Manager Quality Control', 'Credit rating']",21 Days Ago
71,Junior Data Analyst (PGDM Finance Freshers),Institutional Shareholder Services,0-2 Yrs,Mumbai,"['Root cause analysis', 'Corporate governance', 'Master data management', 'Business research', 'Analytical', 'Diversity and Inclusion', 'Data collection', 'ISS']",30+ Days Ago
72,Walk-in Fresher's/Expr-MIS /Data Analyst/Specialist/Leading IT Client.,Wisdom Bridge Consultants,0-5 Yrs,"Hosur, Nelamangala, Hosakote, Bangalore Rural, Bengaluru, Chamarajanagar, Bommanahalli, Hebbal, Jigani","['Data Validation', 'Power Bi', 'Advanced Excel', 'MIS Reporting', 'MIS Preparation', 'MIS Operations', 'Conditional Formatting', 'Data Extraction']",15 Days Ago
73,Sr . Data Analyst ( Power BI developer ),Highrise solutions,0-4 Yrs,Pune,"['BPO', 'RDBMS', 'Staffing', 'MySQL', 'Consulting', 'AS400', 'RPG', 'ITES']",30+ Days Ago
74,Senior Data Analyst,Luminar Technologies,0-4 Yrs,New Delhi,"['SQL queries', 'Manager Internal Audit', 'Interpersonal skills', 'power bi', 'Data Analyst', 'Data analytics', 'Management', 'Automotive']",30+ Days Ago
75,Data Analyst / Sr. Data Analyst,Coreinsightsai,0-8 Yrs,Remote,"['Data analysis', 'Analytical', 'Consulting', 'Data Analyst', 'Data analytics', 'big data', 'Information technology', 'Analytics']",30+ Days Ago
76,Product data analyst,CIEL HR,0 Yrs,Bengaluru(Bommasandra),"['python', 'Advance excel', 'SQL', 'Advanced Excel', 'Excel', 'Data', 'Data analysis']",9 Days Ago
77,Data Analyst Intern,BRL Consulting,,Remote,[],Starts within 1 month
78,Data Analyst Data Science,Wilatons,0-5 Yrs,"Pune, Chennai, Bengaluru","['Data Analyst', 'Data Science', 'python', 'Data Warehouse', 'machine learning', 'SQL', 'Warehouse', 'Data']",17 Days Ago
79,Data Analyst Intern (UnPaid),Saveo,,Bengaluru,[],Starts in 1-3 months
80,Data Analyst Intern,Jar App,0-4 Yrs,Bengaluru,"['Analytical skills', 'Data analysis', 'Backend', 'Excel', 'Web analytics', 'Wealth management', 'Report writing', 'Data quality']",30+ Days Ago
81,Senior Analyst-Data Science,AMERICAN EXPRESS,0-3 Yrs,Gurugram,"['Text mining', 'Career development', 'Finance', 'Analytical', 'Artificial Intelligence', 'Machine learning', 'model development', 'Risk management']",29 Days Ago
82,Data Analyst (B.Sc - Maths/Physics) in Engineering Department,Allied Engineers,0-3 Yrs,"New Delhi(Govind Puri +4), Faridabad(Sector-27C Faridabad +9), Delhi / NCR","['Mathematics', 'Physics', 'Graduation in Physics or Maths', 'Data Analysis', 'B.Sc Physics', 'B.Sc Maths', 'Analysis', 'Engineering']",4 Days Ago
83,Data Analyst Intern,Idatalytics,,Hybrid - Kochi,[],Starts within 1 month
84,Trainee Data Analyst,Sanofi,0-1 Yrs,Hyderabad,"['Supply chain', 'Data analysis', 'Automation', 'Project management', 'Business analytics', 'Analytical', 'Pharma', 'MS Office']",4 Days Ago
85,Data Science Analyst Intern,Greenizon Agritech Consultancy,,Bengaluru,[],Starts in 1-3 months
86,Finance Executive/ Data Analyst - Bhopal,GTS Telecom Services,0-4 Yrs,Bhopal,"['Excel', 'MIS Preparation', 'TALLY', 'Finance And Accounts', 'Data Analysis', 'Advanced Excel', 'Finance Operation', 'MIS Reporting']",10 Days Ago
87,Data Analyst/Data Research Executive,World Web Technology,0-2 Yrs,Ahmedabad,"['Lead generation', 'Data analysis', 'PDF', 'Manager Technology', 'Data quality', 'Sales process', 'Research', 'Data mining']",30+ Days Ago
88,MIS Data Analyst,Mantras2Success Consultants,0-5 Yrs,Hyderabad,"['BPO', 'Procurement', 'Front office', 'Automation', 'Coding', 'MIS', 'Analytical', 'Financial services']",30+ Days Ago
89,Data Analyst Trainee  - DA-Trainee,ZenCorp Techno Solutions(ZCTS),0-1 Yrs,Coimbatore,"['Data Analysis', 'Java', 'R', 'data management', 'quality control', 'data mining', 'machine learning', 'Python']",11 Days Ago
90,Trainee data Analyst. (Life sciences),Pharma Targeting Research pvt ltd,0 Yrs,Mumbai Suburban,"['Advanced Excel Formulas', 'Data Analysis', 'Typing Skills', 'Internet Searching', 'Market Research', 'Information Research', 'Web Research', 'Email Management']",11 Days Ago
91,Junior Data Analyst,Pipecare Group,0-2 Yrs,Noida,"['GIS', 'Data analysis', 'Process analysis', 'Manager Quality Assurance', 'MS Access', 'Analytical', 'Data quality', 'Petrochemical']",30+ Days Ago
92,Microsoft Power BI/Data Analyst Executive,Wenour Enterprises,0-1 Yrs,Mohali,"['Power Bi', 'Power Bi Reports', 'Power Bi Dashboards', 'Excel', 'SQL Server Reporting Services', 'Microsoft Power Bi', 'SQL Database', 'Reporting']",16 Days Ago
93,Data Analyst Trainee,ZenCorp Techno Solutions(ZCTS),0-1 Yrs,Coimbatore,"['R', 'data mining', 'SQL', 'Java', 'C++', 'data analysis', 'Scala', 'machine learning']",24 Days Ago
94,DATA ANALYST INTERN,VR Careerz,,Chennai,[],Starts in 1-3 months
95,Data Analyst Intern,Wadhwani Ai,0-1 Yrs,Mumbai,"['Computer science', 'Data analysis', 'Data management', 'Analytical', 'Healthcare', 'power bi', 'data visualization', 'Operations']",30+ Days Ago
96,Data Analyst Intern,A One Salasar Pvt Ltd,0-1 Yrs,"Mumbai, Mumbai Suburban, Navi Mumbai, Mumbai (All Areas)","['Data Interpretation', 'Data Collection', 'Data Analytics', 'Data Anlalytics', 'Communication Skills', 'Presentation Skills', 'Report Making', 'Data analysis']",15 Days Ago
97,Data Analyst Trainee,Wahy Lab Solutions,0-1 Yrs,Ernakulam,"['Computer science', 'deep learning', 'Data analysis', 'data science', 'Coding', 'Machine learning', 'power bi', 'Data Analyst']",25 Days Ago
98,Data Analyst / Web Researcher,Myvirtualdesks,0-3 Yrs,Pune,"['Data analysis', 'Web technologies', 'Data Analyst', 'Data analytics', 'data visualization', 'Management', 'Forecasting', 'Testing']",30+ Days Ago
99,Data Analyst-Fielding Operations,NAILBITER,0-3 Yrs,Mumbai,"['Brand positioning', 'Purchase', 'Collection management', 'Market segmentation', 'Market research', 'Data Analyst', 'HR', 'MS Office']",30+ Days Ago
100,Assistant Cum Data Analyst,Institute Of Personality Development (ipd),0-6 Yrs,Aurangabad,"['Digital media', 'Media marketing', 'Usage', 'Business reporting', 'Corporate affairs', 'Director', 'Data Analyst', 'Internship']",30+ Days Ago
101,Data Analyst Intern,TechKnowledgeHub.org,,Remote,[],Starts in 1-3 months
102,Data Analyst ( Fresher ),Onpoint Insights,0-2 Yrs,"Mumbai, Mumbai Suburban","['SAS', 'Analytical', 'Machine learning', 'Predictive modeling', 'Pattern recognition', 'Data mining', 'Operations', 'SQL']",30+ Days Ago
103,Associate Data Analyst,Xenonstack,,Mohali,[],Starts in 1-3 months
104,Marketing Data Analyst,Radicle Software,0-3 Yrs,Gurugram,"['Google Marketing', 'Google Analytics', 'MySQL', 'Marketing Analytics', 'Data Analytics', 'Google Ads', 'Marketing Strategy', 'Facebook Marketing']",22 Days Ago
105,Jr. Data Analyst,VNC Global Business Edge,0-1 Yrs,Vadodara,"['Computer science', 'Business analysis', 'SSRS', 'OLAP', 'Unit testing', 'SSIS', 'Business intelligence', 'microsoft']",30+ Days Ago
106,Consultant - Data Analyst,RGA,0-1 Yrs,Mumbai,"['Reinsurance', 'Data validation', 'SAS', 'Underwriting', 'Analytical', 'Reconciliation', 'Actuarial', 'Risk management']",30+ Days Ago
107,Data Analyst Advanced Analytics,Perceptive Analytics,0-3 Yrs,Hyderabad,"['advanced analytics', 'Talent acquisition', 'Analytical', 'Artificial Intelligence', 'Machine learning', 'Data Analyst', 'Data analytics', 'Internship']",30+ Days Ago
108,Data Analyst Internship,Travel D'globe,,New Delhi,[],Starts in 1-3 months
109,RBHU Analytics - Data Analyst Trainee - R/Python,Rbhu Etg,0-2 Yrs,Mumbai,"['Data Analyst', 'Data Science', 'R', 'Power BI', 'Data Analytics', 'Python', 'SQL', 'Data']",30+ Days Ago
110,Data Analyst - Consumer Spend Research,Web Spiders,0-4 Yrs,Kolkata,"['IT services', 'Online research', 'SAN', 'Basic', 'Project management', 'Analytical', 'Market research', 'Wellness']",30+ Days Ago
111,DIGITAL DATA ANALYST INTERN,DG7 Solutions,,"Mumbai, Vasai",[],Starts in 1-3 months
112,Analyst - Data Science,AMERICAN EXPRESS,0-3 Yrs,Gurugram,"['Text mining', 'Career development', 'Coding', 'Analytical', 'Machine learning', 'model development', 'Risk management', 'Python']",4 Days Ago
113,Index Data Research Analyst / Junior Analyst,Institutional Shareholder Services,0-2 Yrs,Mumbai,"['Junior Analyst', 'Data analysis', 'Manager Quality Assurance', 'French', 'Data Research Analyst', 'German', 'Spanish', 'MS Office']",4 Days Ago
114,"Associate, Data Management & Quantitative Analysis I",BNY Mellon,0-2 Yrs,Pune,"['Analyst', 'Data management', 'Bloomberg', 'MS Access', 'Analytical', 'Structured finance', 'Asset management', 'Legal documentation']",21 Days Ago
115,"Associate, Data Management & Quantitative Analysis II",BNY Mellon,0-2 Yrs,Pune,"['Claims', 'Data management', 'Bloomberg', 'Analytical', 'Reconciliation', 'Incident management', 'Manager Quality Control', 'Asset management']",30+ Days Ago
116,Senior Analyst-Data Science,Resy,0-3 Yrs,Gurugram,"['Text mining', 'Computer science', 'Career development', 'Finance', 'Analytical', 'Artificial Intelligence', 'Machine learning', 'Wellness']",29 Days Ago
117,Performance Marketing Data Insights Sr. Analyst,Synchrony,0-2 Yrs,Hyderabad,"['SAS', 'Tableau', 'Campaign Execution', 'SQL', 'Agile', 'Performance Marketing', 'Data', 'Performance']",30 Days Ago
118,Analyst Data science,Leading Client,0-5 Yrs,"Pune, Chennai, Bengaluru","['Data Science', 'Data Warehouse SQL', 'analyst', 'Data Analyst', 'data mining data cleaning', 'Data Warehouse', 'Data Analyst Data Science python machine learning problem solving SQL', 'Research']",30+ Days Ago
119,Private Equity Intelligence - Data Management Analyst,Gain.pro,0-1 Yrs,Bengaluru,"['Economics', 'Investment research', 'SAAS', 'data management analyst', 'Investment banking', 'Research', 'Private equity', 'Financial research']",30+ Days Ago
120,Data Research Analyst,William O Neil Co,0-5 Yrs,Bengaluru,"['Training', 'Investment products', 'Financial markets', 'Investment research', 'Data Research Analyst', 'Database', 'business rules', 'Data quality']",30+ Days Ago
121,Analyst,Saarthee,0-3 Yrs,Gurugram,"['Mining', 'Health insurance', 'Data analysis', 'HP data protector', 'Analytical', 'Consulting', 'Data analytics', 'Business strategy']",30+ Days Ago
122,Data Scientist,Ericsson,0-3 Yrs,Bengaluru,"['Data analysis', 'Data validation', 'Coding', 'Neural networks', 'Machine learning', 'Data quality', 'Forecasting', 'SQL']",30+ Days Ago
123,We are hiring 2023 graduates For Data Support Analyst- Mr Cooper Group,NSM Services,0-1 Yrs,Chennai,"['SQL Queries', 'SSIS', 'Sql Support', 'Data', 'MR', 'Data analysis', 'Hiring', 'SQL']",30+ Days Ago
124,Data Research Analyst,HQL Solutions,0-3 Yrs,Pune,"['Mining', 'B2B', 'PDF', 'Legal', 'Data collection', 'Data Research Analyst', 'Representative', 'research']",30+ Days Ago
125,Analyst - Data Architect,CPP Investments,0-1 Yrs,Gurugram,"['Customer acquisition', 'DSP', 'Analytical skills', 'Data management', 'Digital marketing', 'Individual Contributor', 'MS Office', 'digital advertising']",30+ Days Ago
126,"Analyst, Finance Data Maintenance",Luminar Technologies,0-4 Yrs,New Delhi,"['IT services', 'ERP', 'Production support', 'Financial reporting', 'External audit', 'Accounting', 'Accounting operations', 'Customer service']",30+ Days Ago
127,Analyst - Data Science,Resy,0-3 Yrs,Gurugram,"['Text mining', 'Career development', 'Coding', 'Analytical', 'Machine learning', 'model development', 'Risk management', 'Python']",28 Days Ago
128,Data Engineer - Python,Busigence Technologies,0-3 Yrs,Remote,"['deep learning', 'Data analysis', 'data science', 'Machine learning', 'HTTP', 'Natural language processing', 'Data analytics', 'Business intelligence']",30+ Days Ago
129,Analyst,Grant Thornton India Pvt Ltd,0-1 Yrs,Bengaluru,"['Data analysis', 'Analytical', 'Project management', 'Financial analytics', 'Financial planning', 'power bi', 'Budgeting', 'microsoft']",17 Days Ago
130,Data Research Analyst - Ahmedabad,Oases Technovations,0-4 Yrs,Ahmedabad,"['Capital Markets', 'Investment Banking', 'Data collation', 'MAPE', 'Equity', 'Investment', 'Capital market', 'Data research']",22 Days Ago
131,Senior Analyst,Business Toys,0-3 Yrs,Bengaluru,"['Senior Analyst', 'Analysis', 'Senior']",4 Days Ago
132,Data Scientist,Hbic Solutions,0-2 Yrs,Hyderabad,"['deep learning', 'data science', 'Artificial Intelligence', 'Data collection', 'Packaging', 'Data analytics', 'Python', 'Testing']",30+ Days Ago
133,Principal Data Scientist/Senior Data Scientist/Data Scientist,Business Toys,0-5 Yrs,New Delhi,['Principal'],4 Days Ago
134,Principal Data Scientist/Senior Data Scientist,Business Toys,0-5 Yrs,"Noida, Gurugram","['Machine learning', 'Principal', 'Machine', 'Data', 'Senior']",4 Days Ago
135,Principal Data Scientist/Senior Data Scientist/Data Scientist - NLP,Business Toys,0-5 Yrs,New Delhi,"['Principal', 'Data', 'Natural language processing', 'Senior']",4 Days Ago
136,Principal Data Scientist/Senior Data Scientist/Data Scientist - NLP/ML,Business Toys,0-5 Yrs,New Delhi,"['Principal', 'Natural language processing', 'Data', 'Ml', 'Senior']",4 Days Ago
137,Principal Data Scientist/Senior Data Scientist/Data Scientist - NLP/ML,Business Toys,0-5 Yrs,"New Delhi, Gurugram","['Principal', 'Senior', 'Ml', 'Natural language processing', 'Data']",4 Days Ago
138,Principal Data Scientist/ Sr Data Scientist/ Data Scientist - NLP,Business Toys,0-5 Yrs,"Noida, Gurugram","['Principal', 'SR', 'Natural language processing', 'Data']",4 Days Ago
139,Principal Data Scientist /Senior Data Scientist - NLP/Machine Learning,Business Toys,0-5 Yrs,New Delhi,"['Machine learning', 'Principal', 'Machine', 'Natural language processing', 'Data', 'Senior']",4 Days Ago
140,Principal Data Scientist / Senior Data Scientist - NLP/ ML,Business Toys,0-5 Yrs,New Delhi,"['Principal', 'Senior', 'Ml', 'Natural language processing', 'Data']",4 Days Ago
141,Senior Data Scientist,Business Toys,0-1 Yrs,Mumbai,['Senior Data Scientist'],4 Days Ago
142,Principal Data Scientist / Senior Data Scientist,Business Toys,0-5 Yrs,New Delhi,['Principal'],4 Days Ago
143,Principal Data Scientist / Sr. Data Scientist / Data Scientist- NLP/ML,Business Toys,0-5 Yrs,New Delhi,"['Principal', 'Natural language processing', 'Data', 'Ml', 'SR']",4 Days Ago
144,Data Engineer - Tableau,Tiger Analytics,0-4 Yrs,"Hyderabad, Chennai","['Performance tuning', 'tableau', 'Consulting', 'Database', 'Deployment', 'Silicon', 'Data analytics', 'Unit testing']",30+ Days Ago
145,Analyst III Business Process Transactions,DXC Technology,0-1 Yrs,Noida,"['Data analysis', 'PMP', 'Quality standards', 'Compliance', 'Process improvement', 'Social media', 'Business process management', 'Training and Development']",17 Days Ago
146,BUSINESS ANALYST-INSURANCE DOMAIN,Godigi Infotech,0-1 Yrs,New Delhi,"['Product management', 'Data analysis', 'Business Analyst', 'Project management', 'Analytical', 'Market research', 'Business operations', 'Testing']",30+ Days Ago
147,Data Scientist- Trainee,Business Toys,0-5 Yrs,Bengaluru,"['scientist trainee', 'Training', 'Data']",4 Days Ago
148,Data Scientist,Business Toys,0-3 Yrs,Bengaluru,['Data Scientist'],4 Days Ago
149,Business Analyst - Software,Firstsource Laboratory Solutions,0-4 Yrs,Hyderabad,"['communication skills written', 'data analysis', 'excellent verbal and written communication skills', 'written communication', 'writing', 'leadership skills', 'leadership', 'presentation skills']",Today
150,Data Scientist,Boss Staffing Solutions India,0-4 Yrs,Hyderabad,"['Data Management And Analysis', 'Analytics', 'Model Development', 'Testing Methodologies', 'Research And Development', 'Software testing', 'Management', 'Analysis']",2 Days Ago
151,Data Scientist,Data Collection Infotech,0-4 Yrs,Bengaluru,"['Logistic regression', 'Data analysis', 'Client servicing', 'Trend analysis', 'Data mining', 'Individual Contributor', 'SQL', 'Python']",30+ Days Ago
152,Data Scientist,Akaike Technologies,0-6 Yrs,Bengaluru,"['deep learning', 'Data analysis', 'GIT', 'Analytical', 'MySQL', 'Machine learning', 'data visualization', 'Data mining']",30+ Days Ago
153,Senior Data Engineer,Business Toys,0-2 Yrs,Patna,"['Senior Data Engineer', 'Data', 'Data Engineering', 'Senior']",4 Days Ago
154,Data Analytic | Business Analytics,Business Toys,0-4 Yrs,"Kolkata, Mumbai, Hyderabad, Ranchi, Chennai, Bengaluru","['Business analytics', 'Data analytics', 'Data', 'Analytics']",1 Day Ago
155,Junior Data Engineer,Business Toys,0-3 Yrs,Bengaluru,"['Junior Data Engineer', 'Data Engineering', 'Data']",4 Days Ago
156,Data Scientist,Business Toys,0-2 Yrs,Mumbai,['Data Scientist - Phd only'],4 Days Ago
157,Data Scientist,Business Toys,0-4 Yrs,Hyderabad,['Data Scientist'],4 Days Ago
158,Data Scientist,Business Toys,0-1 Yrs,Pune,['Data Scientist'],4 Days Ago
159,Python Data Scientist,Business Toys,0-1 Yrs,Remote,"['Python', 'Python Data', 'Data']",4 Days Ago
160,Data Scientist,Business Toys,0-5 Yrs,Remote,['Data Scientist'],4 Days Ago
161,data scientist,Business Toys,0-5 Yrs,Remote,"['Hiring data scientist / Work from Home / WFH For leading MNC', 'Leadership', 'Data', 'Hiring']",4 Days Ago
162,Tax Account reconciliation Analyst,HP India,0-3 Yrs,Bengaluru,"['SAP/S4 HANA', 'accounts reconciliation', 'transfer pricing', 'us gaap', 'financial management', 'tax returns', 'auditing', 'accounting']",9 Days Ago
163,Tax Account reconciliation Analysts,HP India,0-3 Yrs,Bengaluru,"['Accounting', 'Automation', 'Tax Account reconciliation Analysts', 'auditing', 'direct tax', 'corporate taxation', 'corporate finance', 'Taxation']",10 Days Ago
164,Tax Accounts reconciliation Analyst,HP India,0-3 Yrs,Bengaluru,"['Accounts reconciliation', 'Journal entry', 'US GAAP', 'Accounting', 'SAP/S4 HANA', 'financial management', 'Variance Analysis', 'Taxation']",10 Days Ago
165,BI Analyst (Immediate Joiner),Lkss & Associates,0-2 Yrs,Bengaluru,"['BI analysis', 'Business Intelligence', 'SAP Analytical', 'Power BI', 'Analysis', 'Tableau', 'MIS Reporting', 'Intelligence']",11 Days Ago
166,"Finance Analyst - Sales & Production (Immediate Joiner)
",Lkss & Associates,0-2 Yrs,Bengaluru,"['Power BI', 'Finance Analysis', 'SAP Analytical Tool', 'Sales', 'Analysis', 'Production', 'Data Management', 'stock management']",11 Days Ago
167,Analyst,Leading Company in Pharma & Life Sciences Sector,0-1 Yrs,Bengaluru,"['python', 'Artificial Intelligence', 'Data Visualization', 'Machine Learning', 'SQL', 'CSS', 'Tableau', 'Statistics']",14 Days Ago
168,Analyst,Firstsource Laboratory Solutions,0-3 Yrs,Mumbai,"['financial analysis', 'data analysis', 'modeling', 'team management', 'kpi', 'forecasting', 'strong analytical skills', 'process improvement']",30+ Days Ago
169,MIS Executive / Business Analyst,Seyie Auto,0-3 Yrs,Kohima,"['Automation', 'Data analysis', 'Data management', 'Analytical', 'Process improvement', 'Strategic planning', 'Business strategy', 'Troubleshooting']",30+ Days Ago
170,Associate - Data Engineer,Business Toys,0-3 Yrs,"New Delhi, Bengaluru","['Associate - Data Engineer', 'Data Engineering', 'Data']",4 Days Ago
171,Operations Business Analyst,Saveo,0-4 Yrs,Bengaluru,"['Supply chain', 'Procurement', 'Data analysis', 'Change management', 'Project management', 'Process improvement', 'Analytical', 'Risk management']",28 Days Ago
172,Business Analyst Training,Bacentric,0-4 Yrs,"Hyderabad, Pune, Chennai, Bengaluru","['Training', 'Customer Service', 'Business Analyst', 'Business analysis']",30+ Days Ago
173,Product Analyst,cult fit,0-3 Yrs,Bengaluru,"['hive', 'python', 'set', 'data analysis', 'data', 'big data analytics', 'quantitative analytics', 'data mining']",5 Days Ago
174,Data Scientist,Collegedunia,0-1 Yrs,Gurugram,"['R', 'Machin Learning', 'Python', 'visualizations', 'data analysis', 'Data Scientist', 'Data', 'Analysis']",17 Days Ago
175,Data Scientist,Scimitar Research,0-1 Yrs,Pune,"['Computer science', 'Data analysis', 'PDF', 'data science', 'data manipulation', 'Demand forecasting', 'Machine learning', 'Programming']",30+ Days Ago
176,Data Scientist,P S International HR Consultants,0-7 Yrs,Mumbai,"['Product management', 'Data analysis', 'Data modeling', 'Analytical', 'Database', 'model development', 'Analytics', 'SQL']",30+ Days Ago
177,Data scientist,Growthjockey,0-1 Yrs,Gurugram,"['Computer science', 'Data analysis', 'SAS', 'Machine learning', 'Data structures', 'Data processing', 'Predictive modeling', 'Pattern recognition']",30+ Days Ago
178,Business Analyst / Financial Analyst,Milestone Online Technology,0-1 Yrs,"Hybrid - Hyderabad, Chennai, Bengaluru","['Finance', 'Reporting', 'MIS Reporting', 'Excel Report Preparation', 'Business Analysis', 'Pivot Table', 'Business Planning', 'Excel']",21 Days Ago
179,Business Analyst,Maverick Hat,0-3 Yrs,Pune,"['functional specifications', 'data analysis', 'modeling', 'information technology', 'documentation', 'business analysis', 'user stories', 'process flow']",8 Days Ago
